{
  "small": {
    "columns": 12,
    "rows": 4,
    "points": [
      [0, 0], [0, 1], [0, 2],
      [1, 2],
      [2, 0], [2, 1], [2, 2], [2, 3],
      [4, 1], [4, 2],
      [5, 0], [5, 3],
      [6, 0], [6, 3],
      [7, 1], [7, 2],
      [9, 0], [9, 1], [9, 2],
      [10, 2],
      [11, 0], [11, 1], [11, 2], [11, 3]
    ]
  },
  "big": {
    "columns": 38,
    "rows": 14,
    "points": [
      [0, 7], [0, 8], [0, 9], [0, 10],
      [1, 6], [1, 7], [1, 8], [1, 9], [1, 10],
      [2, 5], [2, 6], [2, 7], [2, 8], [2, 9], [2, 10],
      [3, 4], [3, 5], [3, 6], [3, 8], [3, 9], [3, 10],
      [4, 3], [4, 4], [4, 5], [4, 8], [4, 9], [4, 10],
      [5, 2], [5, 3], [5, 4], [5, 8], [5, 9], [5, 10],
      [6, 1], [6, 2], [6, 3], [6, 8], [6, 9], [6, 10],
      [7, 0], [7, 1], [7, 2], [7, 8], [7, 9], [7, 10],
      [8, 0], [8, 1], [8, 2], [8, 3], [8, 4], [8, 5], [8, 6], [8, 7], [8, 8], [8, 9], [8, 10], [8, 11], [8, 12], [8, 13],
      [9, 0], [9, 1], [9, 2], [9, 3], [9, 4], [9, 5], [9, 6], [9, 7], [9, 8], [9, 9], [9, 10], [9, 11], [9, 12], [9, 13],
      [10, 0], [10, 1], [10, 2], [10, 3], [10, 4], [10, 5], [10, 6], [10, 7], [10, 8], [10, 9], [10, 10], [10, 11], [10, 12], [10, 13],
      [11, 8], [11, 9], [11, 10],
      [12, 8], [12, 9], [12, 10],
      [14, 2], [14, 3], [14, 4], [14, 5], [14, 6], [14, 7], [14, 8], [14, 9], [14, 10], [14, 11],
      [15, 1], [15, 2], [15, 3], [15, 4], [15, 5], [15, 6], [15, 7], [15, 8], [15, 9], [15, 10], [15, 11], [15, 12],
      [16, 0], [16, 1], [16, 2], [16, 3], [16, 4], [16, 5], [16, 6], [16, 7], [16, 8], [16, 9], [16, 10], [16, 11], [16, 12], [16, 13],
      [17, 0], [17, 1], [17, 2], [17, 11], [17, 12], [17, 13],
      [18, 0], [18, 1], [18, 12], [18, 13],
      [19, 0], [19, 1], [19, 12], [19, 13],
      [20, 0], [20, 1], [20, 2], [20, 11], [20, 12], [20, 13],
      [21, 0], [21, 1], [21, 2], [21, 3], [21, 4], [21, 5], [21, 6], [21, 7], [21, 8], [21, 9], [21, 10], [21, 11], [21, 12], [21, 13],
      [22, 1], [22, 2], [22, 3], [22, 4], [22, 5], [22, 6], [22, 7], [22, 8], [22, 9], [22, 10], [22, 11], [22, 12],
      [23, 2], [23, 3], [23, 4], [23, 5], [23, 6], [23, 7], [23, 8], [23, 9], [23, 10], [23, 11],
      [25, 7], [25, 8], [25, 9], [25, 10],
      [26, 6], [26, 7], [26, 8], [26, 9], [26, 10],
      [27, 5], [27, 6], [27, 7], [27, 8], [27, 9], [27, 10],
      [28, 4], [28, 5], [28, 6], [28, 8], [28, 9], [28, 10],
      [29, 3], [29, 4], [29, 5], [29, 8], [29, 9], [29, 10],
      [30, 2], [30, 3], [30, 4], [30, 8], [30, 9], [30, 10],
      [31, 1], [31, 2], [31, 3], [31, 8], [31, 9], [31, 10],
      [32, 0], [32, 1], [32, 2], [32, 8], [32, 9], [32, 10],
      [33, 0], [33, 1], [33, 2], [33, 3], [33, 4], [33, 5], [33, 6], [33, 7], [33, 8], [33, 9], [33, 10], [33, 11], [33, 12], [33, 13],
      [34, 0], [34, 1], [34, 2], [34, 3], [34, 4], [34, 5], [34, 6], [34, 7], [34, 8], [34, 9], [34, 10], [34, 11], [34, 12], [34, 13],
      [35, 0], [35, 1], [35, 2], [35, 3], [35, 4], [35, 5], [35, 6], [35, 7], [35, 8], [35, 9], [35, 10], [35, 11], [35, 12], [35, 13],
      [36, 8], [36, 9], [36, 10],
      [37, 8], [37, 9], [37, 10]
    ]
  }
}
